id,nombre,email,password,rol
c1177bda-73ba-4aa8-a0fa-9538f07d5f31,Cipriano Plácido Castells Rojas,hoyosnoe@example.net,1234,PROFESOR
650e6994-7594-4844-b55e-3b20b565739d,Gaspar Ayala Guzmán,fonsecanuria@example.org,1234,PROFESOR
3e077679-132c-48b6-9ca8-f6ea3576859a,Zoraida del Cerezo,pepitosoria@example.net,1234,PROFESOR
63c3464a-5cb7-4791-a7dd-e354714f388a,Balduino Trujillo León,barrosorolando@example.org,1234,PROFESOR
c8553973-291f-466f-8ce8-5fbaeab80ccb,Nico Barros Higueras,sroca@example.net,1234,PROFESOR
a76212e4-fcdb-4271-8ba1-37e8ad2b05f6,Fidela Ropero Cantón,clotilde19@example.com,1234,PROFESOR
13dc9558-cc72-4499-8976-a2beccb1e079,Maximino Torre Barberá,vicentarosales@example.org,1234,PROFESOR
8ccd861c-0af0-4178-9a7c-69b3ccccb39f,Rosendo Ribes Mascaró,aureaechevarria@example.net,1234,PROFESOR
1091220a-7294-4c36-9570-9a0e6537827b,Macario Exposito Viña,toribio14@example.net,1234,PROFESOR
ac41fb9f-36b0-4f68-8f51-8fbd91b02a06,Ani Manrique,timoteonunez@example.com,1234,PROFESOR
b4e9656c-0440-4a6c-ab3e-ddb76437fa34,Magdalena Ferreras,umoya@example.net,1234,PROFESOR
cf68ad0c-65c9-4191-b036-6fb2ce8fe8e2,Nydia Arteaga Villaverde,fmanjon@example.com,1234,PROFESOR
0524b8df-c7d1-4bed-b55b-58e6eeb90d3a,Iris Román Vidal,saenzsantos@example.net,1234,PROFESOR
303c7030-b96d-4a22-9c3c-d8ecafd52f82,Juan Francisco Martín Acevedo,pedrobustos@example.net,1234,PROFESOR
4031c4e9-3986-4df2-aaba-ca0779abddbf,Anna Borrás Diez,barriocelia@example.com,1234,PROFESOR
8c89fd0d-43d7-49cf-818f-6b17a7d64e98,Nydia Carranza Valencia,pagesciriaco@example.com,1234,PROFESOR
4f4b2539-f091-4f16-8b21-9a92e1efc6a5,Concepción Calderon Páez,ovidioayllon@example.com,1234,PROFESOR
376a7810-a1dc-48f1-a2bb-9cad8fdbca2a,Jose Requena Merino,royomargarita@example.com,1234,PROFESOR
16940373-6dc3-4087-bd41-d1749247d160,Samuel Pereira-Pallarès,miroregulo@example.com,1234,PROFESOR
bf901eb2-02ce-4db4-bfcc-060f021ec670,Severiano Peiró Pelayo,manuel75@example.com,1234,PROFESOR
d02b8394-bafa-45ed-9192-c0e29c51df1f,Tomasa Flores Hervás,evergara@example.org,1234,PROFESOR
58b048b6-9d35-44c2-b3af-a515671370c6,Irma Castrillo Ros,samuel25@example.com,1234,PROFESOR
8b9c2bc6-5501-4781-8774-0269d238803a,Lina Espejo-Villaverde,amarovillegas@example.org,1234,PROFESOR
bb22dc6b-a213-4b9a-a91e-bb192ce653a1,Natalio de Ródenas,erasmollado@example.com,1234,PROFESOR
d1cbd06a-4cce-46c0-8666-f2816b16a15e,Anastasia Estévez Mas,hsalom@example.org,1234,PROFESOR
a0b702d1-5218-4dfc-852a-97305bff4ead,Áurea María Belén Pina Frías,febe86@example.org,1234,PROFESOR
f2188879-b871-408b-8d7d-f6c854036591,Macario Carvajal Gelabert,margarita70@example.com,1234,PROFESOR
161663ee-cf02-4885-be30-31b4b8f45102,Irma Giralt Hoz,navarreterocio@example.com,1234,PROFESOR
240595d9-d46c-45a0-bd3a-462275d617c5,Vicente Jódar Clemente,nando37@example.net,1234,PROFESOR
8a342f67-f0b8-4b2f-82d1-5ae090872ddb,Melchor Manrique Durán,expositofelipa@example.com,1234,PROFESOR
78134529-cd2d-4b27-8edc-0787c0cc167a,Marino Barros-Barrena,marcio21@example.com,1234,PROFESOR
5c0475df-9b5d-44f9-b2d8-cd871caf645a,María Cristina Álamo Díez,zsainz@example.net,1234,PROFESOR
8ccf621b-d415-4014-a47c-25cccd777b48,Pacífica Escrivá Adadia,saturnina38@example.org,1234,PROFESOR
4691dcbe-6ef0-46b6-9907-6affca19081e,Bernardo Ojeda Acevedo,santanaquique@example.com,1234,PROFESOR
718f54b8-842c-4d50-897c-cfc00596f906,Tamara Barros-Martinez,dvall@example.com,1234,PROFESOR
c8ab544b-b2c9-4224-b3a7-a73c6e637590,Víctor Soto,yalsina@example.net,1234,PROFESOR
5b3becff-8aeb-4c88-9a76-ccad9c7260db,Alma Bartolomé Cortes,marianelabarco@example.org,1234,PROFESOR
7a3ac3c7-261e-4a18-944b-05b14c9a2f1b,Ariadna Pedrero-Bernat,mauriciocabanas@example.org,1234,PROFESOR
b7392bca-fe95-4c76-a7ff-2953dc9f0e0f,Jose Antonio Benavent Bayón,xchaparro@example.net,1234,PROFESOR
17f40355-395f-4f55-81d3-503d3ae7c907,María Carmen Sala-Alegria,falcoroque@example.org,1234,PROFESOR
29109a07-49d2-46d8-837e-f8a706ac401a,Olegario Goyo Fernández Pombo,wilfredosaez@example.net,1234,PROFESOR
1573295a-e35d-45b5-a73d-20937c81765d,Timoteo Rey Rey,nydiaolmedo@example.org,1234,PROFESOR
2bf1dc26-086d-4ece-8b7e-5c23cd94e88e,Mateo Barreda Pinedo,isaura94@example.net,1234,PROFESOR
fa4e1d5d-3ed5-470a-a92c-b50df329655f,Roberta Nuñez Cortina,acabeza@example.org,1234,PROFESOR
c0560631-806e-4222-b11c-1c6b7372f284,Godofredo Amado Ayuso Iriarte,cabreravioleta@example.org,1234,PROFESOR
421a839a-3d39-4340-8abb-43531dd5f5b0,Margarita Casado Barceló,constanzapenalver@example.net,1234,PROFESOR
27edc060-5b01-490d-9087-dfdc45249181,Josefina Arjona-Navarrete,jsabater@example.net,1234,PROFESOR
8e24b0c3-f717-40da-9c99-a4e47b26edf4,Obdulia Toro Duque,rcervera@example.net,1234,PROFESOR
e774e413-b25f-4d2a-81c9-1810d2bb7f12,Juan Carlos Prada Bárcena,hugueteusebia@example.com,1234,PROFESOR
02e45c5e-dc7e-46ec-8bde-903de8176cf9,Emma Pozo Ferrández,aurora39@example.net,1234,PROFESOR
f9fe79d1-8231-4c43-ac7e-1204d8b647cc,Elpidio Olivares Duarte,lluchevaristo@example.net,1234,PROFESOR
03512f66-0be9-4531-910e-b6e21b43ab55,Ignacia Galán,conchacuenca@example.org,1234,PROFESOR
b73d4f83-e0bf-4520-877a-4c1ef3b00607,Fátima Naranjo Cazorla,aracelimadrid@example.org,1234,PROFESOR
bb7140d3-3907-4aa3-bfc6-cc9a637f806a,Flavia Dominguez,artemiobarrios@example.com,1234,PROFESOR
32cc5775-42ae-45d1-b04e-1216a9b47734,Flor Vilaplana Melero,rivascelestino@example.org,1234,PROFESOR
7f19e03b-ab2c-4f0a-91a6-f5b453069918,Camilo de Torrecilla,bernabe62@example.com,1234,PROFESOR
80c6895f-b05e-4766-b6b2-48146ac6d484,Luis Miguel Peñalver Uribe,valentina41@example.org,1234,PROFESOR
bf02a94a-588f-495a-a540-881b82e0c4bc,Benita Chaparro,lledomarcio@example.com,1234,PROFESOR
ec05b0ae-89fb-4b8c-9d87-5dad1ba6f06f,Anselmo Hermenegildo Galán Bauzà,pinolbautista@example.com,1234,PROFESOR
f1d6ec07-07bb-489d-9ad4-746259563598,Guadalupe Morán Amorós,amadorbenito@example.org,1234,PROFESOR
2fe502c9-45de-481e-bd6c-0448f141912a,Omar del Millán,modesto14@example.net,1234,PROFESOR
6f632c01-e145-481a-b440-5855bb5c78c2,Eva Santamaría Gonzalez,bustamantemayte@example.org,1234,PROFESOR
683629da-9a19-4897-948d-dbe8bfc099b7,Reyna Alcázar Oliva,hhernando@example.net,1234,PROFESOR
0284af93-7e52-4a7e-b954-6d47ca3c339b,Isabel Sarabia Pomares,augusto99@example.com,1234,PROFESOR
0cde4a8a-e382-4386-94d0-0a6b0c6d0caa,Adrián Llorens Ramirez,eustaquioaguila@example.org,1234,PROFESOR
a3ca521d-b6e0-4a8d-9041-c7d9f0662521,Atilio Sainz Manjón,lfajardo@example.net,1234,PROFESOR
3868cb30-22b6-4ff0-b11a-eca6b16f6d53,Aurelia Dominguez-Dueñas,brionescelia@example.com,1234,PROFESOR
d2630a78-01e4-4dfb-ada4-615cf2c5e13c,Iván Revilla Osuna,pascualmillan@example.org,1234,PROFESOR
b8472087-8e0f-48ec-821a-e3ffa5ec428a,Esperanza Amigó Manrique,guiomarvicente@example.net,1234,PROFESOR
d55f4ba3-170a-45cb-abc8-062dc9012e89,Nadia Dueñas Garriga,lozanomanuelita@example.org,1234,PROFESOR
961e8838-0ea5-41a2-b89c-061f249d4403,Lázaro Bayo Gracia,paulinayanez@example.com,1234,PROFESOR
ed2b6e95-b389-42f4-a47a-8ac4c89c1358,Ale Almagro-Villalobos,alvaro47@example.org,1234,PROFESOR
8e6c549b-cae0-404f-bda1-3b051f512dc0,Marcelo Ochoa Ferreras,dafne67@example.net,1234,PROFESOR
aacddef8-99d4-4038-9969-2df71535a753,Adán Reynaldo Costa Ortiz,albino19@example.net,1234,PROFESOR
9e038322-9ea9-48f6-80b1-1b5c22f455cc,Haroldo Rubio Villalba,sabas75@example.org,1234,PROFESOR
702007d0-028a-4392-a1f1-97ac176614fd,Ileana de Antón,alcideslinares@example.com,1234,PROFESOR
29248296-4e7b-4861-8005-570f8012b2cd,Pedro Tena,xavier14@example.org,1234,PROFESOR
39ff52dd-0405-49e0-947d-b88ed97f493d,Elodia Pedro Duran,damian16@example.net,1234,PROFESOR
c501e422-e8ba-4714-9f82-7dabdc55495c,Primitivo Fiol Solera,adelina06@example.org,1234,PROFESOR
c06af395-4ca4-4ffa-9d94-85be05726475,Sarita Ruiz Nevado,joel30@example.com,1234,PROFESOR
d7b2dc97-f87e-45ab-9431-90440ea4abc2,Clotilde Vazquez,yago68@example.org,1234,PROFESOR
ae2eb0a4-0a0a-4b00-8154-9ffbb864cb30,Sandra Trillo Sosa,vnavarro@example.com,1234,PROFESOR
08e2bc06-8a36-4bc3-9508-5d0121ac15e2,Marcelo Donoso Montes,duilio62@example.net,1234,PROFESOR
6da68340-3336-485e-91a6-b1bfa0d252be,Flavia Carrión-Gálvez,toroteodosio@example.org,1234,PROFESOR
d8a484ed-2c47-4393-a7ad-0e14927f674b,Octavia Jerez-López,tejeroisaias@example.org,1234,PROFESOR
6e671cd1-e034-487f-9029-38990dc3cb89,Calixta Pino Caro,xvalbuena@example.net,1234,PROFESOR
808e4916-a95d-45ed-98f2-a1a9be5b1c53,Sigfrido Badía-Dalmau,vjulia@example.com,1234,PROFESOR
17683f13-d4d1-44d5-9b20-9a9d5c0a5055,Marcia Raya Conesa,calisto92@example.net,1234,PROFESOR
935f0879-2c6c-4a55-8243-548fd3d62eaa,Manuela Sabater-Guardia,ovalle@example.net,1234,PROFESOR
46e55b55-0a9d-41df-9f97-6da8b743fad9,Florencia Crespi Fabra,adanperla@example.com,1234,PROFESOR
2c045d9f-b0fd-435c-b87a-6d364a4a179f,Natalio Bosch,natalia27@example.org,1234,PROFESOR
e276d83e-71ec-4c42-bce6-3573bac58433,Andrés Felipe Bayo Guerrero,villegasprimitiva@example.net,1234,PROFESOR
6c905772-628d-44a7-b568-e28d955ad723,Pedro Oller Martín,millanmaristela@example.net,1234,PROFESOR
270450e1-c14c-487b-b0f3-0e6c9eeb422f,Juan Manuel Rozas Giner,vizcainociriaco@example.com,1234,PROFESOR
78107945-2b5a-4ccf-833d-c006f647b0e0,Florina Higueras Sastre,qzabaleta@example.org,1234,PROFESOR
eb3be8b5-1490-47fa-b0e1-228f8d639252,Eufemia Elvira Trillo Román,olalla88@example.org,1234,PROFESOR
a9374f67-3aab-45a4-ab54-534d59265a1e,Pepito González Beltrán,wmiralles@example.org,1234,PROFESOR
876631e2-d64b-451c-a6c0-27ed5f38680f,Ale Bermúdez Portero,ezequiel89@example.org,1234,PROFESOR
ac6bbb94-f163-4e5c-a55e-48e1fef2f90c,Amor Zaragoza Calderón,banosmelchor@example.com,1234,PROFESOR
554cabdb-023c-4dae-9ea4-c736fd3addeb,Celestino del Romeu,larreajuan-bautista@example.com,1234,PROFESOR
9ccdfed8-9a50-4649-85c7-91424d9454bf,Alfredo Agustí Tirado,asenjochema@example.net,1234,PROFESOR
ecab5c03-73bf-4072-9a51-1b9c3431c10a,José Antonio Calvet-Vidal,isanz@example.org,1234,PROFESOR
384ce34e-c3b5-4a69-8ca1-78ad594d96aa,Ignacio Morcillo-Murcia,maria-josebeltran@example.net,1234,PROFESOR
d4831467-cd08-4961-a892-894185bdd862,Manuelita Amores Heras,uescolano@example.com,1234,PROFESOR
ccdf0a93-614e-42a9-8693-ea3de07509f8,Desiderio Infante Marín,luisina37@example.org,1234,PROFESOR
5a7035b0-2f9e-4c6b-ab64-f2534a5b784f,Manu Iglesias,falvarez@example.com,1234,PROFESOR
95a8a4a3-de12-43f8-a2ae-34075b86b790,Alex Arce Ramis,abelibanez@example.net,1234,PROFESOR
640e4c58-74ce-4847-91fd-cfbf39919c6d,Vito Chamorro-Tello,cpavon@example.com,1234,PROFESOR
1fc4bd03-404a-424d-8070-c5731a384c7c,Carina Araujo Dominguez,borraspurificacion@example.net,1234,PROFESOR
16a47ecc-5dc5-40a4-a9b4-fc7d44c1c57c,Fidela Cruz Juan,angelino93@example.com,1234,PROFESOR
ca18fe5b-c038-4f88-a9f4-612aa351473c,Chucho Frías Llamas,cmanrique@example.com,1234,PROFESOR
8b4174f3-2e82-4cc1-a802-870339cf14cf,Teresa Gascón-Sureda,hnavarro@example.net,1234,PROFESOR
8e479a27-0509-46e7-844e-61399d49dd2e,Adoración del Escribano,casanovasamparo@example.org,1234,PROFESOR
a5073e81-3ff5-404d-9573-d7a3c83ccaaa,Angelita Ojeda-Nieto,borrasguillermo@example.org,1234,PROFESOR
2d3d9aef-5f60-4927-9338-031a9d7deda3,Isaías Carretero Soto,carlota20@example.net,1234,PROFESOR
35bb50be-c589-402d-9f54-e020b2cd409f,Evaristo Querol Asenjo,poloeloy@example.net,1234,PROFESOR
87fb71c5-7d3a-4580-a0c4-eda8c0f0a0b0,Candela Sebastián Egea,cintia25@example.com,1234,PROFESOR
17612b08-d31c-457a-b184-d14e732f3d96,Tania Tomé Botella,edgardomuro@example.com,1234,PROFESOR
2d066316-0ccc-4cc6-bce8-29d43a78c086,Daniel Ruano Ricart,etur@example.org,1234,PROFESOR
30567989-a91b-4ba6-b7b3-e48f1cdfd6a7,Sosimo Giner,tatiana61@example.com,1234,PROFESOR
14aa80e6-7e56-4bcc-a94b-1d9c503e076f,Dora de Sanchez,bhidalgo@example.com,1234,PROFESOR
0aaf044e-0f88-43aa-8988-4845fef68d41,María Alberto Nicolás,noeliacarreras@example.net,1234,PROFESOR
24cb3183-d841-41ea-ba4d-87c677d57cfe,César Parra Romero,arenasbernarda@example.com,1234,PROFESOR
ed86368c-ec77-4cd6-8ab1-d4cb3360967f,Geraldo Barba Criado,reynaldogonzalez@example.net,1234,PROFESOR
6c8a3f1e-8f5e-4c94-8866-0c4a0b663aa3,Gisela Balaguer Criado,rufino03@example.org,1234,PROFESOR
04ec1896-196b-4fb7-a322-8c07bf8c3e13,Ricardo Conrado Bertrán Gallego,luquecustodia@example.net,1234,PROFESOR
3dd4b3a1-e1b6-4c2b-bda0-08c72b1ac893,María Belén Serra,marco75@example.net,1234,PROFESOR
d9aff019-95a7-49cc-9c3f-d10d81f2b150,Dimas de Aragón,rodrigoadoracion@example.net,1234,PROFESOR
9ae44b46-0d8f-4734-a9f2-b144a4aea1d5,Guillermo Galván Clavero,barcelolorenzo@example.org,1234,PROFESOR
70a85213-1fc9-41af-b517-0fcc2d38a769,Chus Rivera Segovia,alex74@example.org,1234,PROFESOR
ffcc24ca-f797-48ff-bf0d-de4be1796e93,Felicia Cobo Jimenez,tamat@example.net,1234,PROFESOR
cbd49c42-6c69-4656-8c37-a0edab10f6d0,María Pilar Marti Nogués,espinosapilar@example.org,1234,PROFESOR
f8861a1e-233f-430e-b02b-93390cc03f9a,Custodio Galván Márquez,duquevisitacion@example.org,1234,PROFESOR
c0219215-75c5-41af-9d46-b62bddd42b06,Aarón de Roman,griseldamosquera@example.net,1234,PROFESOR
0697a8a0-9f9b-448e-8bc5-e831779c77cd,Dalila de Alfaro,arcoabigail@example.net,1234,PROFESOR
71e31094-5779-4e7d-a63f-a6be5a66a34b,Efraín Lucio Bayo Elorza,fsaavedra@example.org,1234,PROFESOR
430a8977-790f-472b-8a72-2ac13bff0793,Eugenia Caparrós Lloret,solmorell@example.com,1234,PROFESOR
7cf13cb0-eee4-42e0-bcc2-8a5c9dd850e2,Martina Jerez Mariscal,cerdanvalentina@example.com,1234,PROFESOR
f63654d8-926e-400e-8222-8c24c43e5ca8,Tere Paz Tomé,salomon10@example.com,1234,PROFESOR
bbcbd56f-d4b1-4006-8e3f-6dc7266dcbd5,Anita Montenegro Quintana,olga86@example.net,1234,PROFESOR
d2d58d6d-e5fd-4eec-b045-5fad65fcf5eb,Gema Gaya Barriga,borrellrocio@example.net,1234,PROFESOR
1b70addc-08e1-4e9e-9261-6b5d361c3fa0,José Salvador Mata Almeida,estevezcustodia@example.com,1234,PROFESOR
c7dde236-772d-4a20-b889-3f849efeaaa4,Aristides del Juárez,pinamanola@example.org,1234,PROFESOR
e9f84a1c-8164-475b-af56-ec0d3e37ef5a,Soraya Roldan-Vallés,xlara@example.com,1234,PROFESOR
3f48d39f-c5f9-4175-8de8-5569b200e0b8,María Belén Amorós Rosado,mquiroga@example.com,1234,PROFESOR
72fe085b-f82d-4617-bc37-f8f4585e6f49,Consuelo Sevilla-Santos,ineslinares@example.org,1234,PROFESOR
87a2b540-dba7-486a-aba9-39150e897f0f,Georgina Iriarte Olivares,nicodemoramirez@example.com,1234,PROFESOR
d5377325-e158-4f0b-b609-e7df8b045046,Alejandra Hernandez Lastra,quique94@example.com,1234,PROFESOR
ca4a0fa0-aa7f-4f31-8fbc-6486c43b5a98,Gertrudis Gilabert Ortuño,merche46@example.org,1234,PROFESOR
804f5639-783e-4648-b98a-b74c3ef21990,Olimpia Juliá Martín,tomas86@example.com,1234,PROFESOR
eb6faeab-4acb-485c-b1dd-5305056b1589,Leocadia Gascón Madrid,emigdio92@example.com,1234,PROFESOR
c92bb0e5-b608-40e3-830b-f0d32a3375ea,Palmira Lasa Cobo,cornelio68@example.com,1234,PROFESOR
c2248118-150a-4003-8446-c54ee5fecfb0,María Robles-Torre,marccastro@example.org,1234,PROFESOR
a8711814-f3dc-457d-8f40-af563839efad,Miguela Bonet Sedano,ciriaco18@example.com,1234,PROFESOR
c82f984d-90b7-418d-8fa1-c49b5dc26640,Agapito Herrero Jerez,martavelazquez@example.org,1234,PROFESOR
7d4f1d06-3e1e-4464-b329-a865c5248e09,Amparo de Barrera,ncamara@example.net,1234,PROFESOR
749ae061-a6c9-4efb-81b9-eced2f2f7176,Lupe Milagros Fuertes Cabrera,apolonia35@example.net,1234,PROFESOR
8015238a-8b4b-424c-afed-93b44d97d9ed,Socorro Pareja Cases,nieves15@example.com,1234,PROFESOR
eabb05b3-62b5-49d5-9752-4809b7369081,Leire del Arnal,marcoligia@example.net,1234,PROFESOR
6d34d505-781e-4703-8dc4-b028063b17fb,Felix Galan Guerrero,guillermo76@example.com,1234,PROFESOR
ab17d8ba-2c25-45cf-a62a-d8c4318b0449,Elisabet Piedad Aguiló Quiroga,encarna61@example.com,1234,PROFESOR
5aa47158-c9dc-40e2-bf70-28bf4d1027e8,Eutimio Dominguez Rico,hcabello@example.com,1234,PROFESOR
d041e80f-5cc1-4cf2-a092-55dc79f9a6ad,Daniel de Cámara,tadeocarvajal@example.org,1234,PROFESOR
fd713208-a8a4-4f01-9150-3735fe918225,Elvira Plana,casaresabel@example.net,1234,PROFESOR
7a3dc9b3-5991-461c-bc26-c8438a33581b,Filomena de Pelayo,marc82@example.org,1234,PROFESOR
424bc090-bf5d-4cdf-871d-cee8e565d339,Arturo Menendez-Aroca,xrivera@example.org,1234,PROFESOR
6d696f0e-345b-48b3-9b7c-2202b68317d6,Aristides Montoya Zabaleta,eandres@example.net,1234,PROFESOR
b52bd72d-77ea-4be3-9491-41f92191b70a,Celso Donoso Miguel,arjonamicaela@example.com,1234,PROFESOR
d9da6007-f79f-4c4d-8e86-be9b1c3514a6,Ruy Gonzalez-Arco,armidabusquets@example.org,1234,PROFESOR
ee7d25bb-834b-4c22-9008-bf95b8636a52,Piedad Bello,rsanz@example.org,1234,PROFESOR
709ac1a4-7fb7-47b9-929c-253a331d5cfe,Dominga Céspedes Pulido,quirino03@example.net,1234,PROFESOR
7da6d67e-c609-47fc-b51d-fada00e570e0,Ángeles Dominguez Bermejo,rodrigodiego@example.org,1234,PROFESOR
83a80bfe-66ae-4969-a35e-1e8b54648abe,Hector Salinas Alfaro,arnalevelia@example.org,1234,PROFESOR
b8759b54-205f-411d-904c-10e7fe8b2460,Fernanda Piñol Seguí,angela44@example.net,1234,PROFESOR
e9c03c84-f603-4447-92de-1b30cc0da56c,Abigaíl Marti Cerdán,alberto91@example.org,1234,PROFESOR
82b7aee1-5566-4be3-a1a8-0dd88e5dc9a7,Hortensia Salas-Garmendia,olanda@example.com,1234,PROFESOR
5d43721d-b414-490f-b200-950a6d0f7b86,Nidia Benavides Camps,sergioalba@example.com,1234,PROFESOR
ffa7b666-82d2-47c4-84e5-8d06108f8e6b,Marisela de Zaragoza,hpalomo@example.com,1234,PROFESOR
a1b7e3b9-b2de-42d5-8921-454a10489a2f,Elba Roig Prado,jalmazan@example.com,1234,PROFESOR
fa00725d-d282-439d-87ea-c3a9a5316104,Ignacia Sacristán Falcó,ncarmona@example.org,1234,PROFESOR
adc2a8ac-9c08-4ed2-ad79-7760d8cd9e21,Cebrián Sanchez Lobato,rene44@example.net,1234,PROFESOR
1b975c0f-3ce2-4b73-ae6b-2f1e05b288bc,Narciso Figueroa Rodrigo,kalarcon@example.com,1234,PROFESOR
f492257e-67b3-4966-b6e1-d812d687c17d,Nazario Salinas Sarmiento,etudela@example.org,1234,PROFESOR
aa96918f-f372-40c1-bf97-7fd0e9ec14f2,Aitor Aragón Tena,dblanes@example.net,1234,PROFESOR
06d81220-5e08-4a13-8d5d-e813e9bf5dbe,Maxi Casado Arellano,kserrano@example.net,1234,PROFESOR
a6d736a7-6840-421f-934c-df49f9671c27,Áurea Palomares Jódar,abigail93@example.org,1234,PROFESOR
7c2c72d7-e29c-4a09-bfe5-32bbc3151147,Ariadna Pomares Vara,benito57@example.com,1234,PROFESOR
0f8954c1-60e0-48a5-a3be-f901795aaa24,Liliana Soriano Abad,qfeijoo@example.net,1234,PROFESOR
1647bba8-d2c1-4cb9-9000-989b790c70f0,Jose Angel Abella Prieto,calteodosio@example.net,1234,PROFESOR
ac719b55-7366-4f07-8ada-28173aa0e6f6,Manolo Elpidio Cases Lastra,jonatansaez@example.org,1234,PROFESOR
b188a0e7-e33e-4b81-9598-c813819e72b9,Modesto Calvet Abad,wcerda@example.net,1234,PROFESOR
8b5dd8d0-52f7-4724-8ba1-d58a3b4ae80e,Viviana Torrent Aguilera,santamariamarcial@example.org,1234,PROFESOR
78cf2d80-2fa6-4380-88fc-8253c0f17ec2,Gema Armas,talberdi@example.org,1234,PROFESOR
02e1ae37-4789-4cb9-bd0d-dd530107f30a,Germán Gomila Verdejo,rioscamilo@example.org,1234,PROFESOR
a53af291-36bb-41de-8843-178d097b6a9f,Héctor Armas Sureda,graciananebot@example.com,1234,PROFESOR
974cb8af-1588-437f-822d-a43bcb187864,Tristán Salazar Busquets,carlosdorotea@example.com,1234,PROFESOR
bed7ac9e-c1a3-4ecd-b09c-e622c67a8641,Isabel Casanovas Girón,candelasharo@example.com,1234,PROFESOR
c9ac9ff9-5644-48a9-9318-9fe4f0f31e2d,Lázaro Gordillo Canet,ainoa84@example.net,1234,PROFESOR
94e5034a-2a56-4e35-969a-7a5059cfbbb5,Clara Abad Ferrán,jquintana@example.org,1234,PROFESOR
5fb258b8-346e-4fbe-8000-f352142d03bc,Luis Miguel Barriga Español,donato98@example.org,1234,PROFESOR
